<?xml version="1.0" encoding="UTF-8"?>
<metadata xml:lang="en"><Esri><CreaDate>20150521</CreaDate><CreaTime>11211300</CreaTime><ArcGISFormat>1.0</ArcGISFormat><SyncOnce>TRUE</SyncOnce><RematchLocator>Tiger_E911_Composite<Category Locator="Review">Address</Category><Description Locator="Review">Geocode addresses against multiple address locators.</Description><BuildVersion Locator="Review">$Revision: 14$</BuildVersion><BuildVersionDate Locator="Review">$Date: 1/31/2012 5:36:09 PM$</BuildVersionDate><CL.E911Roads13q4_.Enabled Locator="Review">TRUE</CL.E911Roads13q4_.Enabled><CL.E911Roads13q4_.Input Locator="Review">Street</CL.E911Roads13q4_.Input><CL.E911Roads13q4_.Input Locator="Review">Zone</CL.E911Roads13q4_.Input><CL.E911Roads13q4_.Input Locator="Review">ZIP</CL.E911Roads13q4_.Input><CL.E911Roads13q4_.LocWks Locator="Review">Type=Database;Wks=(ProgID = esriDataSourcesFile.ShapefileWorkspaceFactory.1; Path = add_locs)</CL.E911Roads13q4_.LocWks><CL.E911Roads13q4_.Name Locator="Review">E911Roads13q4</CL.E911Roads13q4_.Name><CL.E911Roads13q4_.Select Locator="Review">::</CL.E911Roads13q4_.Select><CL.Locator Locator="Review">TigerRdsState_</CL.Locator><CL.Locator Locator="Review">E911Roads13q4_</CL.Locator><CL.SkipBadLocators Locator="Review">FALSE</CL.SkipBadLocators><CL.SR Locator="Review">ByDescr</CL.SR><CL.SR.Descr Locator="Review">PROJCS["NAD_1983_StatePlane_Rhode_Island_FIPS_3800_Feet",GEOGCS["GCS_North_American_1983",DATUM["D_North_American_1983",SPHEROID["GRS_1980",6378137.0,298.257222101]],PRIMEM["Greenwich",0.0],UNIT["Degree",0.0174532925199433]],PROJECTION["Transverse_Mercat</CL.SR.Descr><CL.SR.Descr Locator="Review">or"],PARAMETER["False_Easting",328083.3333333333],PARAMETER["False_Northing",0.0],PARAMETER["Central_Meridian",-71.5],PARAMETER["Scale_Factor",0.99999375],PARAMETER["Latitude_Of_Origin",41.08333333333334],UNIT["Foot_US",0.3048006096012192]]</CL.SR.Descr><CL.SR.Domain Locator="Review">-18120300.000000,-47742100.000000,47509600.000000,17887800.000000</CL.SR.Domain><CL.TigerRdsState_.Enabled Locator="Review">TRUE</CL.TigerRdsState_.Enabled><CL.TigerRdsState_.Input Locator="Review">Street</CL.TigerRdsState_.Input><CL.TigerRdsState_.Input Locator="Review">Zone</CL.TigerRdsState_.Input><CL.TigerRdsState_.LocWks Locator="Review">Type=Database;Wks=(ProgID = esriDataSourcesFile.ShapefileWorkspaceFactory.1; Path = add_locs)</CL.TigerRdsState_.LocWks><CL.TigerRdsState_.Name Locator="Review">TigerRdsState_TownZone</CL.TigerRdsState_.Name><CL.TigerRdsState_.Select Locator="Review">::</CL.TigerRdsState_.Select><CLSID Locator="Review">{29B85A89-D2CE-4aeb-BC3F-661A3D2C296E}</CLSID><FieldAliases Locator="Review">Street or Intersection</FieldAliases><FieldAliases Locator="Review">Zone</FieldAliases><FieldAliases Locator="Review">ZIP Code</FieldAliases><FieldNames.0 Locator="Review">Street</FieldNames.0><FieldNames.1 Locator="Review">Zone</FieldNames.1><FieldNames.2 Locator="Review">ZIP</FieldNames.2><Fields Locator="Review">Street</Fields><Fields Locator="Review">Zone</Fields><Fields Locator="Review">ZIP</Fields><FieldSizes Locator="Review">60</FieldSizes><FieldSizes Locator="Review">40</FieldSizes><FieldSizes Locator="Review">10</FieldSizes><FieldsRequired Locator="Review">TRUE</FieldsRequired><FieldsRequired Locator="Review">FALSE</FieldsRequired><FieldsRequired Locator="Review">FALSE</FieldsRequired><LocatorWorkspaceString Locator="Review">ProgID = esriDataSourcesFile.ShapefileWorkspaceFactory.1; Path = M:\ProvPlan\InfoGroup\streets\</LocatorWorkspaceString><LocFileUseUTF8 Locator="Review">True</LocFileUseUTF8><RebuildStartTime Locator="Review">130407576205010000</RebuildStartTime><RebuildStartTimeAscii Locator="Review">4:40:20 PM</RebuildStartTimeAscii><RuntimeMemoryLimit Locator="Review">1024000000</RuntimeMemoryLimit><SafeLocatorName Locator="Review">Tiger_E911_Composite</SafeLocatorName><SingleLineField Locator="Review">SingleLine</SingleLineField><SingleLineFieldAlias Locator="Review">Single Line Input</SingleLineFieldAlias><SingleLineFieldNames Locator="Review">Address</SingleLineFieldNames><SingleLineFieldNames Locator="Review">SingleLine</SingleLineFieldNames><SingleLineFieldNames Locator="Review">FullAddress</SingleLineFieldNames><SingleLineFieldNames Locator="Review">Customer</SingleLineFieldNames><SingleLineFieldSize Locator="Review">100</SingleLineFieldSize><UICLSID Locator="Review">{3D486637-6BCF-4A0C-83DB-A02D437FB8FC}</UICLSID><UseMultithreading Locator="Review">False</UseMultithreading><UseRelativePaths Locator="Review">True</UseRelativePaths><Version Locator="Review">10.0</Version><WritePercentAlongField Locator="Review">False</WritePercentAlongField><WriteReferenceIDField Locator="Review">False</WriteReferenceIDField><WriteStandardizedAddressField Locator="Review">True</WriteStandardizedAddressField><WriteXYCoordFields Locator="Review">True</WriteXYCoordFields><InTable Locator="Review">::</InTable><InKeyColumns Locator="Review">::</InKeyColumns><InColumns Locator="Review">ARC_Street</InColumns><InColumns Locator="Review">ARC_Zone</InColumns><InColumns Locator="Review">ARC_ZIP</InColumns><OutTable Locator="Review">::</OutTable><OutKeyColumns Locator="Review">::</OutKeyColumns><OutColumns Locator="Review">Loc_name</OutColumns><OutColumns Locator="Review">Shape</OutColumns><OutColumns Locator="Review">Status</OutColumns><OutColumns Locator="Review">Score</OutColumns><OutColumns Locator="Review">Side</OutColumns><OutColumns Locator="Review">X</OutColumns><OutColumns Locator="Review">Y</OutColumns><OutColumns Locator="Review">Stan_addr</OutColumns><OutColumns Locator="Review">Match_addr</OutColumns><OutColumns Locator="Review">User_fld</OutColumns><OutColumns Locator="Review">Addr_type</OutColumns></RematchLocator></Esri></metadata>
